first_name,last_name,order_date,order_amount
Douglas,Keller,2024-02-29,6902.70
Jeffrey,Turner,2025-09-28,3171.09
Bruce,Fry,2024-12-15,5605.31
Nichole,Buck,2024-07-14,2878.60
Connie,Simmons,2026-03-20,6766.54
Tyler,Compton,2025-02-16,8957.70
Shelly,Powers,2025-03-19,8183.95
Kristi,Flores,2023-10-27,2905.23
Robert,Hernandez,2024-08-12,9553.17
Nicholas,Webster,2023-06-11,3464.29
Thomas,Atkinson,2025-06-24,6560.06
Kevin,Zimmerman,2025-09-08,2140.65
Linda,Melendez,2026-01-08,2712.05
Anna,Faulkner,2026-02-25,6962.01
Angela,Anderson,2023-10-09,1093.16
John,Harris,2026-04-16,2393.58
Deborah,Nielsen,2023-04-14,6698.66
Melanie,Davis,2025-12-23,2257.49
Jenny,Lee,2024-04-21,525.86
Joseph,Nunez,2025-04-26,3303.60
Carrie,Russo,2025-08-25,1006.35
Jacob,Gill,2023-10-09,52.81
Jennifer,Hansen,2026-02-01,9779.12
Timothy,Booth,2023-11-20,4069.66
Mason,Krueger,2025-09-01,4775.00
Alexis,Giles,2024-02-13,7559.35
Suzanne,Wilson,2024-08-11,3212.35
Yvonne,Mendoza,2026-08-15,592.57
John,Munoz,2023-07-03,6523.33
James,Herman,2024-04-20,5351.98
Andrea,Rowe,2023-03-18,9132.37
Oscar,Ferguson,2023-12-25,4179.43
Michael,Green,2023-12-27,9339.28
William,Crawford,2023-03-16,9971.71
Corey,Zavala,2025-03-24,7879.81
Terrance,Franco,2024-01-17,9366.14
Robin,Wood,2024-08-15,8767.55
Robert,Hart,2023-01-19,2984.62
Jeffrey,Thomas,2026-05-19,1073.90
Jose,Donovan,2024-11-17,2846.33
Beth,Butler,2026-08-06,5433.46
Elijah,Rivera,2025-10-08,8892.70
Noah,Whitaker,2023-10-02,8510.74
Victor,Pena,2025-08-16,2729.10
Gail,Scott,2023-08-19,3307.51
Lorraine,Levy,2025-07-28,6483.20
Darlene,Henry,2024-01-17,141.83
Gary,Norton,2024-11-21,7907.88
Gary,Cortez,2026-03-08,6744.33
Tracy,Stark,2024-01-31,1755.77
Amber,May,2026-08-01,8970.52
Brian,Johnson,2025-05-25,5153.29
Melanie,Landry,2023-06-27,4008.93
Elizabeth,Duran,2023-07-15,1848.63
Robert,Kirby,2023-10-15,4775.06
Jesse,Mann,2024-05-23,69.29
Albert,Wagner,2025-02-24,2355.97
Nathaniel,Williamson,2024-06-30,9540.38
Elizabeth,Jensen,2024-09-10,5825.02
Timothy,Freeman,2026-03-19,115.35
Adam,Arnold,2025-01-06,6927.99
Alexander,Moreno,2023-05-08,6678.19
Joshua,Madden,2025-08-11,3068.75
Andre,Li,2025-04-10,6861.04
Emily,Drake,2024-09-28,6903.21
Renee,Rodriguez,2026-08-01,9161.38
Cole,Hernandez,2024-08-27,3676.07
James,Fox,2024-03-28,2192.06
Lisa,Adams,2023-10-01,4782.34
Randy,Watson,2025-07-20,7477.59
Richard,Cunningham,2026-05-25,3736.87
Veronica,Perez,2026-01-29,9128.05
Gabriella,Abbott,2026-01-05,8020.14
Desiree,Garrison,2024-03-23,7618.83
Katherine,Davis,2026-05-05,8731.47
Nicholas,Tran,2023-06-17,5255.54
Brian,Smith,2025-12-17,7037.95
George,Porter,2023-06-09,9172.52
Ryan,Mueller,2023-08-18,618.52
Ariel,Hodge,2026-01-26,9028.97
Cody,Rice,2024-02-19,5727.44
Brad,Lewis,2023-11-03,1646.21
Miranda,Clay,2025-12-01,4418.96
Thomas,Williams,2024-02-25,7169.46
Charles,Frost,2025-09-28,910.32
Rachel,Elliott,2025-11-11,4455.38
Antonio,Mcfarland,2023-04-24,4534.87
Leonard,Ali,2025-11-17,4154.83
Brenda,Goodwin,2026-02-28,578.31
Jennifer,Sanders,2025-08-04,6728.00
Chase,Martin,2024-09-23,7233.07
John,Davenport,2025-03-21,2545.32
Paul,Mosley,2023-01-07,7458.29
Martin,Campos,2026-03-30,731.22
Donald,Hinton,2025-05-17,3445.94
Jennifer,Mason,2023-05-11,5412.09
Terri,Brown,2023-05-04,9345.88
Samuel,Roberson,2023-05-22,9861.38
Matthew,Mack,2025-08-24,318.32
Stephanie,Sanders,2025-04-17,1800.63
Kim,Johnson,2023-10-05,7658.50
Joshua,Riddle,2026-08-15,9637.85
Tracy,Kelly,2025-02-05,9928.56
Shelley,Reynolds,2025-02-22,4485.92
Erin,Guerrero,2025-02-12,3757.08
Christopher,Montgomery,2026-01-09,1330.76
Lauren,Marquez,2024-12-13,1187.21
Christopher,Moore,2026-01-05,3931.19
Jennifer,Walters,2023-09-18,7278.85
Jodi,Stewart,2024-04-01,8348.37
Daniel,Smith,2023-02-16,9784.92
Kyle,Ward,2025-08-06,6735.32
Joseph,Anderson,2026-01-20,4241.85
Jacob,Cole,2025-02-15,8233.77
Angela,Russell,2024-05-21,4606.79
Anthony,Gomez,2023-11-14,2757.22
Christopher,George,2023-08-20,323.14
Mark,Cruz,2025-05-08,6149.61
Kelly,Hughes,2023-02-02,2407.42
Christopher,Santana,2023-05-18,1009.87
Rebecca,Spence,2023-03-10,4464.96
Ashley,Jackson,2023-04-10,2448.09
Oscar,Taylor,2023-04-01,4023.25
Kevin,Snyder,2024-04-24,5398.05
Bryan,Hamilton,2023-04-26,1402.21
Robert,Washington,2024-08-15,2342.38
Chase,King,2026-03-25,3189.71
John,Weber,2026-05-09,7725.60
Brittney,Gonzalez,2024-10-18,2369.80
Daniel,Torres,2023-10-21,9856.96
Stacy,Cook,2025-12-03,2211.20
Christine,Brock,2024-09-07,2752.26
Mark,Cook,2026-02-14,9485.24
Lisa,Villarreal,2023-12-25,6260.30
Terri,Taylor,2025-05-24,5558.95
Malik,Valentine,2023-04-07,9722.92
James,Edwards,2026-08-10,6713.75
Tamara,Novak,2025-12-10,3188.02
Kelly,Neal,2025-05-02,4083.18
Travis,Johnston,2024-09-06,3765.22
John,Bennett,2026-01-06,4735.71
Lisa,Long,2024-04-06,3008.06
Daniel,Elliott,2023-10-23,8057.95
Brittany,Gardner,2023-04-29,5624.29
Erin,Pierce,2025-05-03,5573.30
Stephanie,Murray,2023-10-02,3884.80
Jeanette,Gonzales,2024-06-06,2034.16
Kelly,Schwartz,2026-08-17,791.62
Lori,Flynn,2025-07-10,8471.48
Robert,Porter,2023-07-09,5356.81
Cynthia,Allen,2024-01-26,516.31
Donna,Espinoza,2025-02-11,6737.04
Kristina,Jones,2026-05-19,396.44
Vicki,Mendoza,2023-05-30,1882.44
Richard,Hunter,2026-04-18,7243.32
Samantha,Holt,2026-02-18,2170.95
Amy,Gibbs,2024-03-03,8694.86
Michael,Woodard,2024-11-12,3032.57
Amanda,Little,2023-02-01,2118.86
Christopher,Mack,2024-01-25,9620.80
Diane,Kelly,2023-08-29,7469.04
Deborah,Williams,2025-09-07,9144.49
Tonya,Byrd,2026-05-22,7037.98
Reginald,Goodwin,2025-03-23,9151.34
Tammy,Jordan,2026-02-04,3216.83
Alex,Green,2024-08-02,3807.23
William,Stone,2025-12-28,6487.56
Beverly,Johnston,2024-09-23,2616.35
Sean,Myers,2025-11-16,8828.23
Kelsey,Chapman,2025-08-12,986.98
Vincent,Cooper,2025-08-19,7616.52
Angel,Garcia,2024-10-17,9143.38
Robert,Nixon,2025-01-29,3129.90
Darren,Shepard,2023-04-04,5625.68
Donald,Collins,2024-03-29,7412.78
Stanley,Clark,2023-02-03,2608.48
Timothy,Alvarez,2026-04-11,5791.84
Samuel,Horton,2025-05-05,2952.62
Luis,Evans,2024-02-06,3299.32
Lisa,Wilson,2025-02-16,5698.32
Melinda,Wong,2024-05-18,4993.51
Erica,Martin,2024-11-22,2574.01
Tonya,Sanchez,2025-09-27,9665.11
Greg,Moore,2026-08-07,7396.19
Anita,Mullen,2025-08-01,1683.17
Jesse,Sullivan,2024-12-22,1693.49
Jack,Davidson,2026-01-24,4883.67
Ryan,Johnson,2026-01-15,9903.24
Christina,Gonzalez,2023-05-01,5239.91
Brittany,Price,2023-06-02,9451.93
Janet,Harris,2023-04-10,7643.62
Karen,Stokes,2025-04-24,1375.78
Bryan,Garcia,2026-07-15,2315.10
Monica,Lopez,2023-11-06,92.41
Mark,Ellis,2025-11-01,4560.64
Jose,Huffman,2023-05-04,6178.73
Allison,Fowler,2026-06-16,9127.59
Candice,Carr,2025-09-26,158.30
Brenda,Bailey,2025-12-25,5516.88
Megan,Williamson,2023-01-25,168.24
Lisa,Mccarthy,2024-07-16,5357.84
Kenneth,Mendez,2024-08-10,172.41
Christopher,Anderson,2025-05-31,8061.86
David,Torres,2024-01-03,1071.06
Isaac,Steele,2023-07-17,5244.32
William,Barnes,2024-05-08,1920.13
Devin,Reyes,2025-12-14,2524.93
Jacob,Reid,2024-12-26,2673.98
Heather,Brewer,2025-03-23,791.11
Zoe,Peters,2025-04-11,4590.51
Tracy,Taylor,2024-05-13,9902.33
Leonard,Hayes,2024-04-07,3000.44
Brian,Howard,2023-06-15,6537.70
Albert,Taylor,2026-08-23,7596.09
Lisa,Maynard,2023-07-11,4053.37
William,Simpson,2025-02-11,5527.46
Gail,Perry,2023-04-25,6367.84
Mary,Burns,2023-12-17,827.78
Christopher,Johnson,2025-06-07,6449.42
Kathleen,Carter,2024-11-09,5658.99
Joshua,Medina,2023-07-15,8948.01
Gary,Ellis,2023-03-29,2298.43
Julia,Cannon,2026-03-06,4755.52
Andrea,Wilson,2023-04-06,9241.66
Danny,Hampton,2024-07-28,8993.21
Madeline,Richardson,2026-02-28,6581.43
Lynn,Williams,2024-01-03,9287.73
Jennifer,Payne,2024-10-06,157.57
Veronica,Garcia,2024-02-29,5870.77
Maria,Potter,2025-03-26,9288.81
Kenneth,Kidd,2024-09-04,1625.34
Shannon,Bailey,2024-05-07,5667.39
Lisa,Gonzales,2025-03-07,6770.67
Victoria,Rowe,2026-01-12,3317.96
Joel,Cochran,2023-10-14,7905.18
Brianna,Bell,2023-06-10,5008.42
Jennifer,Chen,2024-12-09,537.91
Gabriel,Taylor,2025-06-14,2322.21
Jamie,Clark,2023-06-05,3406.58
Brian,Bell,2026-06-11,9548.62
Juan,Ryan,2025-03-23,9689.23
Mario,Padilla,2024-10-30,297.23
Keith,Adams,2024-07-13,7835.69
Michele,Duke,2025-07-11,4906.54
Erin,Davis,2024-12-29,5530.82
Sydney,Floyd,2025-02-07,4319.04
Samantha,Riddle,2026-04-14,6607.05
Michelle,Martinez,2023-06-25,7721.89
Michelle,Wright,2024-08-27,7980.75
Jennifer,Poole,2023-05-31,821.30
Kathleen,Lowe,2023-11-12,3800.62
Tracy,Ray,2026-07-22,1543.61
Joseph,Perry,2025-03-08,3167.46
Shannon,Schultz,2023-08-07,916.11
Nicole,Davis,2024-09-23,4447.91
Zachary,Ramirez,2024-07-06,1023.21
Sharon,Wood,2023-06-28,1874.73
Stephanie,Murphy,2025-07-08,5570.29
Aaron,Schroeder,2025-11-15,4081.03
Jessica,Simon,2023-02-23,897.10
Stephen,Beck,2026-02-09,931.55
Michael,Brown,2026-05-09,7844.59
Amanda,Robinson,2025-02-27,124.39
Russell,Lewis,2025-04-27,3878.60
Joseph,Clayton,2023-06-23,7248.71
Matthew,Lane,2026-02-19,9052.16
Ashlee,Washington,2024-05-12,5720.03
Matthew,Fleming,2023-12-14,6853.47
Brandon,Garcia,2023-12-14,1389.26
Kristen,Stevens,2024-09-08,2684.80
David,Mathews,2023-10-26,633.61
Scott,Smith,2025-06-09,2760.34
Susan,Harris,2024-09-05,4842.82
Haley,Anderson,2023-06-07,3611.88
Debra,Moore,2024-05-20,7209.27
Sarah,Hill,2025-10-12,5938.46
Diamond,Wright,2024-02-05,4579.15
Nathan,Mckee,2023-10-05,3047.27
Gabriel,Sanders,2025-03-21,3322.84
Kevin,Lyons,2026-06-24,3799.52
Jim,Rios,2024-11-05,4402.78
Jane,Smith,2025-05-31,8154.93
Thomas,Anderson,2026-08-26,9742.27
Jeremy,Frazier,2023-10-06,3005.05
Albert,Dominguez,2026-05-20,9472.83
Lisa,Mcneil,2024-02-16,4790.61
Robert,Anderson,2023-12-30,9645.77
Chad,Reyes,2024-10-15,2915.19
Jessica,Garcia,2026-07-20,4910.58
Lawrence,Ibarra,2026-03-25,7819.95
Derrick,Ayala,2024-10-29,3761.17
Karen,Anderson,2025-03-15,3650.79
Victoria,Thomas,2026-02-28,1998.80
Alyssa,Smith,2026-01-22,1800.09
Debra,Alexander,2026-01-31,270.13
Jennifer,Fuller,2025-08-03,9429.80
Edward,Jenkins,2024-03-05,4385.11
Glenda,Heath,2024-08-19,8312.98
Christopher,Garcia,2023-05-22,8189.83
Karen,Lawrence,2025-04-17,6730.10
Patrick,Richmond,2023-10-13,6333.72
Leonard,Taylor,2024-05-10,2527.56
Joshua,Miller,2023-11-12,7152.64
Angela,Greene,2025-02-11,740.58
Cathy,Maxwell,2026-05-09,4792.86
Hannah,Abbott,2025-03-31,5344.13
Dominique,Turner,2025-05-06,5436.90
April,Hicks,2025-01-06,7016.63
Julie,Phillips,2026-01-04,5938.60
Brian,Hurst,2023-06-24,1094.58
Stephanie,Simpson,2024-05-23,6576.35
Daniel,Porter,2024-12-28,1664.22
Brittney,Rice,2026-06-08,443.92
Tiffany,Hatfield,2026-08-14,6775.03
Sarah,Anderson,2025-03-29,9668.13
Michelle,Carroll,2024-11-10,9657.19
Michael,Vega,2025-05-31,1060.34
Kathryn,Best,2023-07-21,2588.12
Kaylee,Smith,2025-11-11,7468.78
Carlos,Baker,2026-02-16,5805.60
Bill,Brown,2026-03-24,2211.09
Kristina,Hunter,2025-02-05,3911.95
Courtney,Mason,2026-04-20,6904.68
Robert,Miles,2023-11-05,3450.33
Christopher,Herrera,2023-02-20,4828.22
Christina,Ramirez,2024-08-28,4160.33
Kyle,Dixon,2023-06-25,1161.58
James,Morton,2023-10-18,3483.93
Amanda,Myers,2024-12-03,4553.87
Cynthia,Davenport,2024-02-28,5211.62
Erin,Jones,2024-12-14,4762.14
Holly,Blair,2025-06-16,7220.21
Meghan,Brown,2025-07-15,3189.77
Christopher,Hamilton,2024-09-06,447.79
Shawn,Lynch,2023-08-24,226.83
Kyle,Harmon,2024-12-03,6480.04
Joy,Wilson,2023-12-03,9299.29
Jean,Miles,2024-05-14,5160.42
Frank,Benton,2026-02-04,1602.20
Alexandra,Logan,2026-02-20,4264.26
Jennifer,Jackson,2025-08-04,2319.32
David,Norman,2025-04-09,6297.97
Joseph,Tanner,2024-01-17,6405.14
Kelsey,Johnson,2025-06-04,3956.42
Lindsay,Nelson,2026-06-11,8831.08
Caleb,Joseph,2025-07-09,5922.43
Barbara,Jones,2025-03-07,45.50
Spencer,Ward,2024-03-15,2058.64
Victor,Bradley,2023-05-09,5773.90
Michael,Scott,2026-01-04,1870.41
Dakota,Berry,2024-10-29,1971.54
Jennifer,Perez,2023-08-22,2624.27
William,Williams,2025-09-29,5277.62
Michelle,Sanchez,2026-08-01,3134.72
Thomas,Reyes,2025-03-06,6113.47
Edward,Velazquez,2026-04-17,1143.21
Meredith,Tran,2024-12-21,8455.32
Robin,Yang,2026-06-18,1726.10
Robert,Morris,2024-09-01,9186.90
Robert,Cortez,2026-04-23,848.43
Joseph,Miller,2023-10-02,3132.54
Nathan,Shaw,2024-05-03,3054.49
Rachel,White,2024-01-10,3733.68
Linda,Jarvis,2023-10-17,5108.73
Stephanie,Jones,2025-05-06,5964.66
Steven,Campbell,2026-03-23,3837.71
Megan,Murphy,2024-01-16,4867.21
Angela,Smith,2026-01-05,6934.63
James,Elliott,2026-08-14,9307.01
Kevin,Dean,2023-12-21,5549.57
Steven,Vargas,2025-09-29,2889.06
Trevor,Barton,2024-01-19,3146.48
James,Mccullough,2025-07-12,6194.47
Kathleen,Sanchez,2025-01-05,9518.46
Adam,Ortiz,2025-09-19,1366.21
Jesse,Reed,2025-02-25,9638.32
Mary,Wiley,2025-11-01,6531.04
Stephanie,Smith,2025-04-17,6847.28
Diane,Sweeney,2025-05-01,7101.71
Jessica,Garcia,2025-06-28,4887.50
Alyssa,Allen,2023-06-19,5654.41
Travis,Brown,2024-03-27,2921.60
Wendy,Dawson,2024-07-16,2249.21
Christopher,Morse,2024-08-14,1682.92
Phyllis,Meyer,2025-07-25,5656.93
Jaclyn,Watson,2025-10-11,5497.71
Terri,Miller,2023-08-20,5727.56
Cody,Anderson,2024-07-02,7751.35
Lori,Jones,2025-01-21,5420.89
Ashley,Graham,2023-03-27,7600.27
Tamara,Young,2025-06-22,5463.98
Jose,Edwards,2025-05-20,1025.06
Lauren,Haynes,2024-05-21,2977.79
Jill,Stewart,2023-03-08,4497.87
Joseph,Jones,2024-12-14,8622.13
James,Chan,2023-06-28,4391.26
Brenda,Moore,2023-08-29,7756.53
Frank,Owens,2024-04-30,2099.57
Richard,Herrera,2026-04-19,6891.64
Tami,Clark,2026-06-03,6328.07
Kyle,Baker,2023-12-06,6161.89
David,Moore,2024-02-28,8135.48
Gina,Mckenzie,2023-05-02,5701.17
Heidi,Williams,2025-12-26,2811.57
Mary,Murphy,2026-01-08,1684.60
Christopher,Wright,2024-08-22,2894.04
Michael,Palmer,2024-07-01,9524.01
Erica,Green,2025-11-19,9854.89
Vicki,Johnson,2023-07-15,1356.75
Richard,Chavez,2025-04-22,9187.76
Kaitlin,Wright,2024-07-21,8670.60
Steven,Lara,2023-09-17,7014.56
Donald,Smith,2023-09-29,2497.52
Maria,Haas,2024-10-21,8284.98
David,Colon,2025-03-15,4895.09
Nathan,Mccoy,2026-03-28,6324.38
Deanna,Aguilar,2026-07-09,4142.83
Jonathan,Hess,2025-07-14,756.09
Andrew,Brown,2023-07-10,4029.10
Rachel,Ramos,2024-07-23,6947.33
David,Stein,2025-01-25,4547.50
Maria,Rivera,2025-09-26,3273.56
Brad,Murray,2023-01-06,8689.20
Gary,Berry,2023-07-10,7309.58
Lorraine,Foster,2025-07-27,6348.76
Anthony,Vega,2025-01-03,8501.20
Gerald,Lewis,2025-12-30,3977.76
Jacob,Ramirez,2025-05-29,8248.64
Nicole,Johnson,2025-10-10,2686.10
Christine,Sanchez,2024-08-03,3378.21
Kenneth,Jenkins,2026-03-29,1306.81
Andrea,Brown,2025-09-20,7883.24
Joshua,Taylor,2023-04-10,460.38
James,Wilkerson,2026-07-06,7839.11
Alicia,Mccoy,2025-07-30,163.80
Leah,Norton,2023-11-20,4413.41
Veronica,Casey,2023-01-02,9918.38
Michael,Stephens,2025-05-26,2023.98
Todd,Durham,2023-09-28,8821.59
Wayne,Price,2024-09-10,1590.61
Hector,Flores,2024-07-15,934.31
Jeffery,Huang,2025-01-08,2504.64
Kimberly,Brown,2025-01-31,6645.42
Victoria,Moreno,2026-08-21,1656.08
Katie,Key,2025-03-22,6256.41
Terri,Garcia,2024-04-24,4292.88
Diane,Adams,2023-07-06,7037.27
Lisa,Stark,2023-01-03,2135.00
Brian,Davies,2023-06-09,1327.86
Jeffrey,Bradford,2024-04-08,5194.92
Laura,Kelly,2025-06-30,93.86
Mary,Bruce,2024-12-04,8171.26
Gregory,Watkins,2025-05-14,6940.61
Linda,Wolfe,2025-09-05,709.21
Robin,Johnson,2025-02-23,894.22
Jackie,Meza,2023-07-29,1032.91
Anne,Hart,2025-01-22,8810.00
Jacob,Travis,2023-10-08,3827.82
Nicole,Vasquez,2023-09-30,6416.11
Kyle,Henry,2023-10-20,685.05
Christopher,Hall,2026-02-27,85.74
Jeffery,Fox,2026-08-24,1642.00
Aaron,Hardin,2024-12-20,7224.59
James,Anderson,2026-07-10,7482.93
Jennifer,Sellers,2025-04-23,6161.14
Megan,Morris,2025-06-25,8599.76
Andrew,Willis,2023-06-27,8966.02
Samantha,Schroeder,2023-10-14,7524.70
Meghan,Valencia,2026-04-22,7300.35
Susan,Brooks,2024-12-20,9632.51
Sheri,Foster,2024-10-06,7910.97
Craig,Turner,2024-05-22,2770.40
Derek,Moore,2023-06-22,2482.42
Stacy,Conner,2026-05-15,6000.47
Susan,Banks,2026-05-29,2849.92
Grant,Novak,2023-02-24,8479.06
Heather,Mcfarland,2024-09-09,2055.25
Kristin,Walker,2026-05-27,5095.71
Brianna,Thompson,2025-03-13,2956.12
Kurt,Barker,2023-04-22,7838.22
David,Daniel,2024-05-05,4949.38
Stacy,Fry,2023-08-19,2411.57
Peter,Gamble,2026-07-30,5939.70
Tammy,Johnson,2025-12-17,8887.35
Carrie,Mccall,2023-01-25,9868.83
Tammy,Walker,2024-10-10,1320.70
Ariana,Zuniga,2026-03-10,4209.21
Donald,Mcgee,2026-01-23,6829.73
John,Haas,2025-08-22,9544.57
Gary,Mcclure,2023-05-30,167.88
Christopher,Fletcher,2023-05-19,138.92
Danielle,Tanner,2024-03-17,399.23
Sean,Baker,2023-05-04,9486.84
John,Jones,2025-03-26,5066.59
Jonathan,Rodriguez,2026-07-11,7126.57
Aaron,Cruz,2025-04-30,4236.32
Jessica,Costa,2025-04-03,825.19
Nicole,Snyder,2026-01-03,5377.01
Nicholas,Payne,2023-11-09,2775.40
Craig,Mendoza,2024-09-26,791.14
Michelle,Curtis,2024-02-21,9743.15
Gloria,Martin,2023-11-15,5364.36
Charles,Singleton,2025-03-11,5864.78
Kenneth,Flores,2026-08-23,6810.87
Stephanie,Jones,2023-05-16,3102.38
George,Bennett,2025-06-14,7299.85
Jessica,Payne,2024-05-03,580.00
Rachael,Davis,2023-06-26,9246.34
Brooke,Austin,2023-08-26,4534.26
Timothy,Johnson,2026-05-31,551.23
Sherri,Martin,2023-12-26,1195.31
Pamela,Moore,2023-10-09,7015.29
Craig,Harris,2023-12-02,4964.63
James,Terry,2024-12-11,5230.53
Jennifer,Blair,2024-06-14,1670.46
Joseph,Campbell,2023-09-17,7498.01
John,Williams,2024-07-04,7329.62
Ashley,Larsen,2023-08-30,7714.52
Eric,Ward,2023-03-02,3350.77
Ronald,Phillips,2025-05-29,2720.53
Ebony,Greene,2023-05-11,2630.23
James,Johnson,2026-03-26,6275.69
George,Carter,2025-10-13,4552.52
Christopher,Anthony,2025-01-07,555.34
Kyle,Sanders,2026-03-06,1669.65
Tracy,Guerrero,2023-11-19,2551.90
Christopher,Stephens,2023-07-30,8942.78
Jackson,Mcclure,2023-08-25,2284.81
Mike,Griffin,2025-11-08,26.68
Jose,Marshall,2023-01-26,2446.27
Jeremy,Adams,2025-08-24,3640.40
Bryan,Goodwin,2023-11-04,1790.43
Elizabeth,Miller,2023-03-14,5529.09
Maurice,Weaver,2025-05-08,2245.93
Tara,Lawrence,2024-05-23,4163.15
Angela,Randall,2024-10-17,2713.31
Loretta,Barnes,2023-06-09,5715.78
Amanda,Camacho,2023-09-02,5020.90
Thomas,Keith,2023-04-18,1794.26
Thomas,Miller,2025-11-22,9814.15
Raven,Klein,2025-04-01,690.19
Wayne,Lester,2025-08-10,8660.45
Lauren,Byrd,2024-09-28,3273.68
Christine,Martinez,2026-02-06,4568.00
Katherine,Thompson,2025-01-25,2007.51
Tracey,Stanton,2026-02-28,7845.28
Lindsey,Martinez,2026-06-29,2426.59
Rodney,Mcneil,2025-01-24,5917.31
Ryan,Osborn,2025-10-07,9977.86
Courtney,Flowers,2024-02-05,7324.89
Jonathan,Bartlett,2026-01-24,7605.05
Robin,Jones,2024-05-17,1506.51
Paul,Sanders,2025-04-19,240.08
Mark,Hill,2026-01-14,3464.89
Stephen,Marks,2023-01-20,9509.94
Kristin,Dean,2023-01-03,7589.53
Alexandra,Barnes,2025-02-09,8490.20
Robert,Hernandez,2024-09-21,1040.39
Brianna,Chang,2025-12-21,9831.16
Sheila,Buckley,2025-05-09,4920.79
Anna,Garcia,2023-05-03,9725.61
Justin,Nichols,2023-10-19,7116.81
Maurice,Jenkins,2023-07-10,439.96
Patrick,Washington,2024-04-19,8972.97
Chelsea,Johnson,2025-11-30,4131.15
Joshua,Thomas,2025-02-01,4585.12
Charlotte,Steele,2023-06-23,5808.12
Benjamin,Preston,2025-11-01,1336.00
Martin,Young,2025-03-18,749.23
Julie,Mccall,2026-03-08,623.77
Penny,Smith,2023-09-25,2368.48
Lisa,Turner,2024-06-18,8509.28
Juan,Vasquez,2025-03-15,7007.55
Heather,Garcia,2024-10-30,3181.26
Misty,Taylor,2024-07-10,2336.88
Terri,Ramos,2024-02-20,1361.98
Margaret,Adams,2026-04-12,1090.62
Robert,Brewer,2023-08-05,1644.58
Jacob,Lewis,2025-08-12,3141.02
Madison,Figueroa,2023-09-05,5359.70
Katherine,Camacho,2024-03-01,4519.71
Lori,Robertson,2025-08-06,2650.81
Erik,Collins,2023-09-03,905.12
William,Taylor,2024-09-15,8264.03
Melissa,Suarez,2026-05-20,404.26
Anthony,Lee,2024-11-02,1484.09
Marissa,Hood,2024-05-23,9684.02
John,Bryant,2025-03-22,5135.08
Samantha,Bush,2024-09-04,2602.41
Joshua,Colon,2023-12-23,311.79
William,Reid,2025-04-08,8546.15
David,Johnson,2026-02-12,7481.03
Nathan,Wheeler,2024-05-26,948.16
Gregory,Harrell,2023-07-28,8039.16
Brenda,Bailey,2023-10-14,1215.41
Frank,Kline,2023-05-07,8303.88
Kaitlyn,Barker,2024-03-31,1308.02
Justin,Hughes,2025-03-31,3723.02
Frank,Armstrong,2026-07-14,9375.80
Tammie,Vincent,2023-06-22,5823.65
Deborah,Byrd,2024-06-14,9174.36
Joseph,Ortiz,2023-06-03,218.98
Andrew,Deleon,2023-05-13,1978.30
Katrina,Smith,2026-08-15,4434.87
Rhonda,Holland,2023-09-21,920.69
Carolyn,Smith,2024-11-10,1226.15
Johnny,Trujillo,2025-08-02,507.33
Kevin,Rasmussen,2026-03-21,4332.13
Dawn,Coleman,2025-03-19,4961.76
Nicholas,Bailey,2025-02-22,6832.44
Johnathan,Owens,2023-12-20,3540.08
Erica,Holloway,2024-01-19,2750.54
Randy,Garcia,2025-07-02,8834.35
William,Bates,2023-03-12,6141.45
Megan,Brooks,2026-06-17,2458.60
Deborah,Lynch,2024-08-27,4989.41
Kenneth,Rodriguez,2026-02-01,4790.83
Caleb,Mcneil,2023-06-29,2798.48
Danielle,Hensley,2023-10-09,4192.92
Jose,Dawson,2026-08-09,8846.63
Patricia,Evans,2025-12-12,2492.23
Edward,Cannon,2026-01-18,7948.66
Rachel,Trujillo,2025-02-22,7819.37
Leah,Greene,2025-01-05,4797.36
Donna,Becker,2025-09-19,3440.99
Jennifer,Rios,2026-03-04,5024.43
Whitney,Green,2025-03-06,2705.08
Robert,Price,2023-02-23,3189.45
Austin,Erickson,2024-03-24,294.01
Ashley,Lee,2024-07-29,586.85
Jessica,Walker,2025-08-24,5294.79
Amanda,Glover,2026-04-11,9996.05
Rebecca,Powers,2023-11-23,1002.24
William,Bruce,2024-05-08,2666.00
Mary,Walter,2023-04-25,7640.73
Howard,Davis,2024-03-25,5757.34
David,Green,2025-03-06,3548.69
Lindsey,Hines,2023-12-22,1761.83
Isaac,Frazier,2026-04-28,3180.72
Matthew,Davis,2025-01-04,9139.88
Michael,Garner,2023-02-27,7034.82
Kurt,French,2024-12-21,9475.63
Mark,Green,2026-02-28,1421.88
Kelly,York,2024-01-21,8367.12
Thomas,Delacruz,2025-10-05,5421.70
Brandy,Blackburn,2023-12-26,4904.87
Charles,Preston,2023-07-04,562.62
Vincent,Dillon,2026-05-17,2188.87
Patrick,Evans,2025-12-14,4780.41
Brian,Dickerson,2024-11-10,9179.03
Derrick,Gonzalez,2024-02-17,8064.64
Robert,Hudson,2024-11-28,7169.65
Rebecca,Ellis,2024-10-24,596.50
Leslie,Baldwin,2023-10-30,5866.50
Kimberly,Freeman,2023-10-18,7743.88
Crystal,Thompson,2025-12-13,8606.83
Cynthia,Smith,2023-05-29,3736.53
Joshua,Juarez,2025-03-21,5860.57
Gary,Duran,2024-11-20,3018.35
Tracy,Gallagher,2023-10-07,9758.62
Christopher,Mendez,2025-06-13,7918.63
Cynthia,Powell,2025-09-24,6492.15
Tammy,Reyes,2023-12-23,7072.11
Benjamin,Gonzalez,2026-02-24,6935.90
Nathan,Smith,2026-06-10,7870.12
Marco,Whitaker,2024-04-02,6655.64
James,Rhodes,2023-12-26,3784.46
Courtney,Wright,2024-08-26,1274.36
Heather,Cooper,2023-01-04,9487.92
David,Reyes,2026-03-19,3916.62
Brianna,Jackson,2026-03-08,324.79
Madison,Evans,2026-05-18,3182.85
Kelly,Luna,2026-06-06,2209.73
Caitlyn,Morgan,2026-03-04,1042.00
Pamela,Cowan,2025-10-13,1407.29
Matthew,Valenzuela,2023-06-09,2380.72
Michael,Lopez,2024-10-16,1679.70
Stacy,Hull,2023-07-01,8216.79
Richard,Perez,2026-08-01,7293.12
Jessica,Anderson,2024-11-18,4466.85
Jessica,Lawrence,2024-06-27,2097.63
Gary,Richardson,2023-05-19,3505.46
Debra,Johnson,2023-08-10,7204.41
Nancy,Scott,2023-04-09,3859.98
Amanda,Williams,2025-05-09,9691.04
Virginia,Stanley,2025-04-27,4931.32
Desiree,Smith,2025-02-14,3512.96
Hannah,Butler,2025-02-07,1015.18
Omar,Kelley,2025-09-08,7887.50
Thomas,Hernandez,2026-03-29,6510.04
Heather,Mccoy,2024-04-06,1627.40
Kevin,Stanley,2023-05-31,7992.14
Elaine,Nelson,2023-03-10,2949.79
Catherine,Taylor,2024-10-14,2612.01
Maria,Garcia,2023-08-03,742.93
Jennifer,Wilson,2023-12-15,8879.42
Daniel,Rodriguez,2023-11-26,7320.11
James,Gonzalez,2026-01-25,9418.39
Jose,Mills,2023-07-10,3380.16
James,Warner,2026-06-10,8932.36
Kenneth,Williams,2023-03-05,4313.80
Tyler,Clark,2023-12-04,6073.56
Sarah,Rivera,2025-06-08,1571.88
Aaron,Powers,2023-07-27,3311.61
Rebecca,Conley,2024-01-25,4093.39
Elizabeth,Hernandez,2026-02-08,7220.65
Christopher,Hunt,2026-01-11,2653.38
Jennifer,Garcia,2024-07-30,2974.71
Jonathan,Hall,2023-07-16,497.30
Vanessa,Phillips,2026-03-16,5497.07
Steven,Garcia,2025-10-02,1536.74
Gregg,Williams,2025-01-08,39.15
Kelly,Solis,2023-06-29,2946.20
Larry,Rodgers,2026-07-04,6002.55
Cody,Chang,2024-02-13,970.77
Brandon,Christian,2024-02-28,1709.15
Elizabeth,Jackson,2024-08-20,9770.59
Michael,Kim,2025-08-27,8437.84
Christy,Johns,2024-09-23,7848.97
Christopher,Briggs,2025-08-22,4891.47
Ian,Morales,2024-06-26,912.28
Suzanne,Nelson,2026-01-19,3875.88
Paul,Jefferson,2025-01-29,8855.03
Lauren,Banks,2025-01-26,1866.64
Laura,Wilson,2023-04-02,2633.69
Heather,Brown,2025-08-10,2634.74
Sherri,Moore,2024-07-04,5642.90
Robert,Garza,2023-11-06,7522.59
Leah,Gregory,2023-07-18,857.99
Howard,James,2024-12-05,8081.99
Michael,Johnson,2025-04-27,9707.07
Gabrielle,Roberson,2026-04-22,2275.90
Teresa,Anderson,2023-05-05,8408.12
Samantha,Rodriguez,2025-12-06,4186.90
Robert,Williams,2026-01-01,6870.99
Jose,Edwards,2025-08-30,5727.56
Janet,Gregory,2024-04-27,4763.14
Katrina,Ray,2023-06-11,3948.64
Annette,Levine,2023-03-13,5021.51
Elizabeth,Morgan,2025-11-24,8004.69
Alexandra,Haynes,2026-06-24,1475.33
Cody,Stanley,2025-07-08,1729.62
John,Reed,2023-12-09,9721.67
Erica,Cruz,2024-01-30,1262.73
Mary,Grant,2025-05-17,784.61
Vanessa,Brown,2025-06-10,2019.99
Dawn,Moore,2026-07-08,1479.63
Melinda,Christian,2026-05-03,2579.60
Molly,Jones,2023-05-18,871.19
Travis,Allen,2026-02-13,3974.15
Tara,Williams,2024-10-29,8566.38
Jeffrey,Schneider,2025-11-30,4582.11
Richard,Young,2023-01-26,7865.71
Stephen,Solis,2026-06-30,5876.17
Shane,Gates,2025-05-09,1126.07
Sergio,Wilson,2023-11-03,1482.85
Tyler,Valdez,2026-04-19,5827.18
Curtis,Gutierrez,2023-07-25,9249.35
Angela,Smith,2026-02-26,7795.66
Christopher,Munoz,2024-08-08,8674.88
Christine,Torres,2024-12-05,8779.05
William,Clark,2024-06-24,3831.05
Emily,Clements,2025-09-21,5720.65
Michael,Brown,2025-08-26,375.62
Jeffrey,Gibson,2024-07-18,4030.33
Ann,Harvey,2026-06-20,6086.94
Thomas,Sandoval,2025-04-02,388.79
Jennifer,Wilson,2024-11-09,6905.44
Katherine,Walker,2023-04-11,7457.74
Matthew,Gallegos,2024-07-04,8970.41
Tamara,Carter,2023-02-11,3379.32
Alejandra,Park,2024-09-12,3110.18
Brandon,Martin,2025-10-03,8582.48
Donald,Love,2023-07-21,9724.98
Jennifer,Rodriguez,2024-04-11,1344.72
Cheryl,Lopez,2025-06-26,7740.53
Sarah,Long,2024-10-19,2694.93
Stephen,Harrington,2025-05-03,6050.18
Jennifer,Rodriguez,2023-07-02,1880.17
Robert,House,2024-03-08,9134.41
Mary,Chapman,2025-04-13,7409.70
Kelsey,Hayes,2025-11-23,8672.01
Dominique,Blanchard,2023-04-26,5153.18
Dennis,Porter,2023-11-22,657.10
Alyssa,Williams,2025-11-03,4034.44
Savannah,Roberson,2025-12-09,8793.44
Timothy,Romero,2023-03-01,1738.20
Samantha,Thompson,2024-02-16,8369.92
Beth,Cross,2024-05-25,331.68
David,Hughes,2023-04-14,9180.38
Caroline,Andrade,2024-02-12,2740.50
William,Cruz,2025-08-08,5051.75
Tiffany,Moon,2026-07-25,9230.80
Kathryn,Hill,2023-03-04,2420.14
Tamara,Waller,2025-09-28,5940.84
Shawn,Anderson,2023-12-30,9605.23
Robert,Graves,2025-08-29,5869.21
Kaitlyn,Evans,2024-12-17,3443.14
Jacqueline,Valencia,2024-06-13,7489.85
Jennifer,Walls,2023-07-05,2851.41
Cynthia,Harris,2025-03-02,497.46
Claudia,Roberts,2026-03-17,7798.51
Michael,Chambers,2024-03-14,8571.25
Tina,Santos,2026-08-18,2251.89
Susan,Gordon,2024-02-28,2691.56
Heather,Morris,2025-04-18,5133.29
Darrell,Bell,2023-01-19,4741.49
Timothy,Duncan,2023-09-28,6474.06
Elizabeth,Butler,2026-05-16,8008.84
Julie,Skinner,2024-04-03,2524.65
Justin,Boone,2024-09-17,7127.69
Lindsey,Mills,2026-08-09,2754.51
Anthony,Thomas,2025-02-10,8516.00
Ellen,Gonzalez,2025-07-29,2520.73
Karen,Martin,2025-08-13,3022.15
Justin,King,2025-12-02,8243.28
Mary,Vaughn,2025-03-24,5845.28
Kenneth,Molina,2023-01-16,5115.62
Antonio,Cervantes,2025-02-05,5615.00
Curtis,Parrish,2026-05-01,6090.89
Jodi,Hancock,2024-09-03,6844.44
Julia,Hoffman,2025-09-13,639.31
John,Mueller,2024-07-20,6406.30
Lauren,Roberts,2024-07-21,2612.21
Elizabeth,House,2026-08-27,2988.61
Paul,Frye,2023-11-04,5173.41
Theresa,Edwards,2024-05-07,8996.96
Andrea,Smith,2026-05-13,4041.58
John,Oliver,2024-10-16,6807.87
Kimberly,Berg,2023-02-22,6554.34
Maria,Pruitt,2024-08-28,2595.00
Janet,Holland,2025-05-07,4046.58
Kari,Payne,2023-03-14,5830.65
Carrie,Parsons,2026-03-17,8160.32
Tamara,Phillips,2024-12-03,7265.76
Gregory,Fleming,2024-03-31,6863.49
Jacob,Thompson,2026-07-31,7849.18
Willie,Bennett,2025-01-04,5073.64
Roy,Hawkins,2023-12-15,8406.54
David,Silva,2026-02-17,1812.18
Jonathan,Rivera,2023-07-19,4708.33
Jenna,Moore,2024-06-13,7252.13
Eric,Morris,2026-02-18,7629.41
Brent,Randolph,2024-01-10,9469.28
Christina,Stanley,2024-11-18,6544.69
Tracy,Armstrong,2024-03-31,3553.48
Michael,Bowers,2024-09-20,4205.30
Louis,Robinson,2024-11-09,3717.45
Ivan,Jones,2026-04-14,2941.21
William,Perry,2023-08-30,4705.89
Amanda,Davis,2026-07-23,5836.16
Jeffrey,Lewis,2026-06-25,713.09
Martin,Ward,2024-02-03,5005.27
Jeffery,Goodwin,2025-02-20,5298.85
Alyssa,Barajas,2025-04-26,541.57
Madison,Zavala,2023-11-05,1374.51
Alan,Caldwell,2024-02-15,3427.35
Sean,Conway,2026-03-12,8928.55
Christina,Oliver,2025-07-26,1433.10
Susan,Fleming,2024-01-05,7789.63
Manuel,Moon,2025-09-25,3326.96
Sierra,Cruz,2023-12-29,3134.82
Amber,Campbell,2023-04-29,48.13
Rhonda,Short,2024-07-14,2094.61
Nicholas,Lang,2023-12-12,5763.21
Sean,Williams,2023-11-21,4896.28
Rachel,Lee,2023-06-30,1294.93
Willie,Vaughan,2025-06-07,6335.24
Gary,Huber,2025-04-06,4290.82
Amanda,Smith,2025-09-04,3833.78
Cameron,Santiago,2023-03-19,5338.29
Kim,Hancock,2025-02-03,9500.73
Roger,Garcia,2024-10-21,7568.71
Amanda,Park,2025-12-23,1906.57
Theresa,Rowe,2023-01-09,6267.24
Deborah,Case,2024-05-24,2263.43
Julie,Hernandez,2024-12-06,3121.61
Stephen,Rivera,2023-07-30,3836.12
Christopher,Brown,2026-04-20,3061.84
Laura,Grant,2023-05-14,8238.61
Bailey,Perez,2024-09-02,9484.68
Jonathan,Hughes,2025-07-22,7278.58
Crystal,Hamilton,2026-05-06,5241.65
Andre,Nunez,2025-06-07,8879.84
Amanda,May,2023-10-02,3427.98
Christine,Avila,2025-09-30,3593.15
Brenda,Haynes,2024-01-21,1649.67
Charles,Reilly,2025-04-06,192.23
Daniel,Buchanan,2024-04-04,7271.95
Kevin,Miller,2023-09-26,2112.69
Kathy,Kim,2023-02-14,5897.33
Randall,Guerrero,2023-12-13,1232.50
Thomas,Ferguson,2026-08-25,7921.47
Derek,Myers,2025-02-07,8765.56
Lauren,Gardner,2024-06-07,7712.72
Susan,Thomas,2026-06-30,486.82
Erica,Sloan,2023-04-09,6620.03
Laura,Daniel,2023-02-10,483.30
Nathan,Herring,2023-08-26,4168.33
Angela,Peters,2025-02-17,1236.83
David,Smith,2024-06-01,4744.48
Candice,Medina,2023-11-10,2055.74
Stacey,Torres,2026-07-14,94.04
Kaitlin,Berger,2025-05-11,6616.98
Maurice,Gutierrez,2025-12-01,2700.50
Debbie,Hunt,2026-05-25,7007.56
Eugene,Walker,2025-05-07,8306.69
Mary,Lee,2023-08-03,5116.33
Howard,Marsh,2026-06-19,1178.23
Melissa,York,2023-08-22,7847.81
Sarah,Gamble,2025-10-16,1987.27
Steven,Dunn,2024-02-14,7779.80
Kelly,Jones,2025-12-07,9731.21
Corey,Swanson,2025-01-03,7034.66
Tony,Rivera,2024-08-27,1604.57
David,Rios,2026-01-27,4964.05
Craig,Harvey,2024-03-01,6882.34
Rachel,Stewart,2025-09-11,3306.70
Shannon,Jensen,2023-01-06,128.48
Kevin,Silva,2023-07-02,9068.88
Ariana,Diaz,2026-03-21,6690.54
Leslie,Patterson,2023-11-02,9494.50
Adam,Sanchez,2025-11-13,751.41
Jeffrey,Singh,2023-07-27,9047.88
Ryan,Larsen,2026-08-12,2312.37
Dennis,Quinn,2024-08-29,2641.98
Natalie,Ford,2023-04-13,998.99
Michael,Torres,2023-12-24,8741.52
Andrea,Thompson,2024-08-18,3602.78
Catherine,Wilkinson,2024-10-02,4260.52
Michele,Taylor,2023-08-26,950.89
Amanda,Baker,2023-04-04,97.71
Olivia,Jones,2023-10-11,6633.88
Charles,Smith,2023-12-16,3287.28
William,Johnson,2025-06-15,9550.93
Bonnie,Sullivan,2024-07-03,8784.87
Brittany,Escobar,2023-07-10,3726.85
Andrea,Stephens,2024-12-02,1829.51
Yolanda,Kennedy,2025-03-31,4003.10
Kimberly,Diaz,2025-07-23,2719.06
Jeffrey,Barton,2025-02-28,6899.33
Jessica,Carter,2025-09-06,7999.18
Steven,Dixon,2026-08-21,8861.34
Randy,Shaw,2023-12-08,1131.45
Elaine,Charles,2023-05-01,9815.70
Lindsay,Mendez,2023-11-23,1038.03
Gabriel,Palmer,2026-04-24,4827.26
Sean,White,2026-03-11,6784.25
Stacy,Hopkins,2024-01-07,6113.61
Tammy,Fitzgerald,2025-01-04,6113.97
Timothy,Howard,2023-09-25,4831.31
Jeffery,Freeman,2025-09-26,1130.26
Bryan,Wood,2025-04-22,4407.43
Brad,Clark,2023-05-10,2616.86
Rebecca,Ward,2024-10-05,124.59
Terry,Gibson,2025-12-10,7675.51
Brandon,Hooper,2026-03-26,7238.00
Mario,Padilla,2024-04-03,9778.97
Adrienne,Gallegos,2024-11-23,5191.47
Mary,Baker,2026-06-20,953.33
Amy,Thompson,2024-05-24,4819.81
Desiree,Diaz,2026-08-06,3849.38
Denise,Houston,2026-02-17,8920.72
Zachary,Bennett,2026-06-09,546.61
Rebecca,Black,2026-08-10,9343.77
Michael,Parrish,2025-11-01,8488.60
Tommy,Olson,2025-10-12,8694.28
Cassandra,Shaw,2023-06-03,7514.54
Don,Martin,2024-10-18,2409.67
Chris,Schneider,2024-07-23,504.46
Jason,Lopez,2024-04-01,5505.40
Michael,Love,2025-02-14,4033.36
David,Hall,2024-04-26,789.23
Lisa,Cortez,2025-06-28,8012.80
Timothy,Mendoza,2025-07-06,881.11
Jason,Martin,2025-10-17,4471.23
Martha,Johnson,2023-09-01,9806.72
Bradley,Berry,2023-02-06,1027.33
Evan,Soto,2025-04-24,359.28
Benjamin,Armstrong,2026-01-29,2.70
Brian,Scott,2023-07-06,7918.03
Hector,Mullen,2026-06-21,6375.74
Carol,Elliott,2025-11-07,5623.76
Andrew,Ball,2025-07-23,9503.59
Dorothy,Campbell,2025-01-14,8253.28
Christopher,Cole,2024-04-01,8443.32
Victoria,Dillon,2024-11-10,5601.94
George,Greer,2026-06-23,5999.91
Carolyn,Norton,2025-01-14,7159.41
Lori,White,2023-08-22,975.27
Donna,Baker,2024-03-30,22.97
Jennifer,Cooper,2024-12-28,8299.00
Shawn,Garza,2024-08-20,5477.35
Jerry,Cruz,2025-02-04,7021.25
Daniel,Harris,2023-04-04,8968.87
Michele,Gordon,2025-10-05,1405.35
Robert,Hernandez,2025-04-18,1070.51
Cole,Alvarez,2026-06-05,1960.02
Christina,Williams,2023-09-05,9302.22
Kristen,Gordon,2025-03-15,2156.68
